<?xml version="1.0" encoding="utf-8"?>
<sectors_data><meta><autoIncrement>165</autoIncrement></meta><data><row><id>47</id><Ene_A>Ene_1</Ene_A><Ene_H>1</Ene_H>

<Ene_1>Energy</Ene_1>
<SID>Ene</SID></row><row><id>148</id><Agr_A>Agr_1</Agr_A><Agr_H>12</Agr_H>

<Agr_1>Agriculture</Agr_1>
<Agr_1_fr/><Agr_1_ps/><SID>Agr</SID></row><row><id>150</id><Min_A>Min_1</Min_A><Min_H>4</Min_H>

<Min_1>Mining</Min_1>
<Min_1_fr/><Min_1_ps/><SID>Min</SID></row><row><id>152</id><Ser_A>Ser_1</Ser_A><Ser_H>6</Ser_H>

<Ser_1>Service</Ser_1>
<Ser_1_fr/><Ser_1_ps/><SID>Ser</SID></row><row><id>154</id><Hou_A>Hou_1,Hou_2</Hou_A><Hou_H>2</Hou_H>

<Hou_1>Urban</Hou_1>
<Hou_1_fr/><Hou_1_ps/><Hou_1_A>Hou_1_1</Hou_1_A><Hou_1_H>1</Hou_1_H>

<Hou_1_1>Urban_house</Hou_1_1>

<Hou_2>Rural</Hou_2>
<Hou_2_fr/><Hou_2_ps/><Hou_2_A>Hou_2_1</Hou_2_A><Hou_2_H>1</Hou_2_H>

<Hou_2_1>Rural house</Hou_2_1>
<SID>Hou</SID></row><row><id>155</id><Man_A>Man_1</Man_A><Man_H>6</Man_H>

<Man_1>Manufacturing</Man_1>
<Man_1_fr/><Man_1_ps/><SID>Man</SID></row><row><id>156</id><Cst_A>Cst_1</Cst_A><Cst_H>5</Cst_H>

<Cst_1>Construction</Cst_1>
<Cst_1_fr/><Cst_1_ps/><SID>Cst</SID></row><row><id>165</id><Trp_A>Trp_3,Trp_4,Trp_5,Trp_6,Trp_7,Trp_8,Trp_9,Trp_10,Trp_11,Trp_12,Trp_13,Trp_14,Trp_15,Trp_16,Trp_17,Trp_18,Trp_19,Trp_20,Trp_21,Trp_22,Trp_23,Trp_24,Trp_25,Trp_26,Trp_27,Trp_28,Trp_29,Trp_30,Trp_31,Trp_32,Trp_33,Trp_34,Trp_35,Trp_36</Trp_A><Trp_H>36</Trp_H><Trp_3>Motorcycle (petrol)</Trp_3><Trp_3_fr></Trp_3_fr><Trp_3_ps></Trp_3_ps><Trp_3_fr_fl></Trp_3_fr_fl><Trp_3_ps_fl></Trp_3_ps_fl><Trp_3_psi>Y</Trp_3_psi><Trp_3_psi_fl>1</Trp_3_psi_fl><Trp_3_psp></Trp_3_psp><Trp_3_psp_fl></Trp_3_psp_fl><Trp_3_car></Trp_3_car><Trp_3_plane></Trp_3_plane><Trp_4>Motorcycle (electricity)</Trp_4><Trp_4_fr></Trp_4_fr><Trp_4_ps></Trp_4_ps><Trp_4_fr_fl></Trp_4_fr_fl><Trp_4_ps_fl></Trp_4_ps_fl><Trp_4_psi>Y</Trp_4_psi><Trp_4_psi_fl>4</Trp_4_psi_fl><Trp_4_psp></Trp_4_psp><Trp_4_psp_fl></Trp_4_psp_fl><Trp_4_car></Trp_4_car><Trp_4_plane></Trp_4_plane><Trp_5>Car (petrol)</Trp_5><Trp_5_fr></Trp_5_fr><Trp_5_ps></Trp_5_ps><Trp_5_fr_fl></Trp_5_fr_fl><Trp_5_ps_fl></Trp_5_ps_fl><Trp_5_psi>Y</Trp_5_psi><Trp_5_psi_fl>1</Trp_5_psi_fl><Trp_5_psp></Trp_5_psp><Trp_5_psp_fl></Trp_5_psp_fl><Trp_5_car>Y</Trp_5_car><Trp_5_plane></Trp_5_plane><Trp_6>Car (diesel)</Trp_6><Trp_6_fr></Trp_6_fr><Trp_6_ps></Trp_6_ps><Trp_6_fr_fl></Trp_6_fr_fl><Trp_6_ps_fl></Trp_6_ps_fl><Trp_6_psi>Y</Trp_6_psi><Trp_6_psi_fl>2</Trp_6_psi_fl><Trp_6_psp></Trp_6_psp><Trp_6_psp_fl></Trp_6_psp_fl><Trp_6_car>Y</Trp_6_car><Trp_6_plane></Trp_6_plane><Trp_7>Car (electricity)</Trp_7><Trp_7_fr></Trp_7_fr><Trp_7_ps></Trp_7_ps><Trp_7_fr_fl></Trp_7_fr_fl><Trp_7_ps_fl></Trp_7_ps_fl><Trp_7_psi>Y</Trp_7_psi><Trp_7_psi_fl>4</Trp_7_psi_fl><Trp_7_psp></Trp_7_psp><Trp_7_psp_fl></Trp_7_psp_fl><Trp_7_car>Y</Trp_7_car><Trp_7_plane></Trp_7_plane><Trp_8>Bus (petrol)</Trp_8><Trp_8_fr></Trp_8_fr><Trp_8_ps></Trp_8_ps><Trp_8_fr_fl></Trp_8_fr_fl><Trp_8_ps_fl></Trp_8_ps_fl><Trp_8_psi>Y</Trp_8_psi><Trp_8_psi_fl>1</Trp_8_psi_fl><Trp_8_psp></Trp_8_psp><Trp_8_psp_fl></Trp_8_psp_fl><Trp_8_car></Trp_8_car><Trp_8_plane></Trp_8_plane><Trp_9>Bus (diesel)</Trp_9><Trp_9_fr></Trp_9_fr><Trp_9_ps></Trp_9_ps><Trp_9_fr_fl></Trp_9_fr_fl><Trp_9_ps_fl></Trp_9_ps_fl><Trp_9_psi>Y</Trp_9_psi><Trp_9_psi_fl>2</Trp_9_psi_fl><Trp_9_psp></Trp_9_psp><Trp_9_psp_fl></Trp_9_psp_fl><Trp_9_car></Trp_9_car><Trp_9_plane></Trp_9_plane><Trp_10>Bus (CNG)</Trp_10><Trp_10_fr></Trp_10_fr><Trp_10_ps></Trp_10_ps><Trp_10_fr_fl></Trp_10_fr_fl><Trp_10_ps_fl></Trp_10_ps_fl><Trp_10_psi>Y</Trp_10_psi><Trp_10_psi_fl>3</Trp_10_psi_fl><Trp_10_psp></Trp_10_psp><Trp_10_psp_fl></Trp_10_psp_fl><Trp_10_car></Trp_10_car><Trp_10_plane></Trp_10_plane><Trp_11>Bus (electricity)</Trp_11><Trp_11_fr></Trp_11_fr><Trp_11_ps></Trp_11_ps><Trp_11_fr_fl></Trp_11_fr_fl><Trp_11_ps_fl></Trp_11_ps_fl><Trp_11_psi>Y</Trp_11_psi><Trp_11_psi_fl>4</Trp_11_psi_fl><Trp_11_psp></Trp_11_psp><Trp_11_psp_fl></Trp_11_psp_fl><Trp_11_car></Trp_11_car><Trp_11_plane></Trp_11_plane><Trp_12>Light-duty vehicle (petrol)</Trp_12><Trp_12_fr>Y</Trp_12_fr><Trp_12_ps></Trp_12_ps><Trp_12_fr_fl>1</Trp_12_fr_fl><Trp_12_ps_fl></Trp_12_ps_fl><Trp_12_psi></Trp_12_psi><Trp_12_psi_fl></Trp_12_psi_fl><Trp_12_psp></Trp_12_psp><Trp_12_psp_fl></Trp_12_psp_fl><Trp_12_car></Trp_12_car><Trp_12_plane></Trp_12_plane><Trp_13>Light-duty vehicle (diesel)</Trp_13><Trp_13_fr>Y</Trp_13_fr><Trp_13_ps></Trp_13_ps><Trp_13_fr_fl>2</Trp_13_fr_fl><Trp_13_ps_fl></Trp_13_ps_fl><Trp_13_psi></Trp_13_psi><Trp_13_psi_fl></Trp_13_psi_fl><Trp_13_psp></Trp_13_psp><Trp_13_psp_fl></Trp_13_psp_fl><Trp_13_car></Trp_13_car><Trp_13_plane></Trp_13_plane><Trp_14>Light-duty vehicle (electricity)</Trp_14><Trp_14_fr>Y</Trp_14_fr><Trp_14_ps></Trp_14_ps><Trp_14_fr_fl>4</Trp_14_fr_fl><Trp_14_ps_fl></Trp_14_ps_fl><Trp_14_psi></Trp_14_psi><Trp_14_psi_fl></Trp_14_psi_fl><Trp_14_psp></Trp_14_psp><Trp_14_psp_fl></Trp_14_psp_fl><Trp_14_car></Trp_14_car><Trp_14_plane></Trp_14_plane><Trp_15>Light-duty vehicle (biofuel)</Trp_15><Trp_15_fr>Y</Trp_15_fr><Trp_15_ps></Trp_15_ps><Trp_15_fr_fl>5</Trp_15_fr_fl><Trp_15_ps_fl></Trp_15_ps_fl><Trp_15_psi></Trp_15_psi><Trp_15_psi_fl></Trp_15_psi_fl><Trp_15_psp></Trp_15_psp><Trp_15_psp_fl></Trp_15_psp_fl><Trp_15_car></Trp_15_car><Trp_15_plane></Trp_15_plane><Trp_16>Heavy-duty vehicle (petrol)</Trp_16><Trp_16_fr>Y</Trp_16_fr><Trp_16_ps></Trp_16_ps><Trp_16_fr_fl>1</Trp_16_fr_fl><Trp_16_ps_fl></Trp_16_ps_fl><Trp_16_psi></Trp_16_psi><Trp_16_psi_fl></Trp_16_psi_fl><Trp_16_psp></Trp_16_psp><Trp_16_psp_fl></Trp_16_psp_fl><Trp_16_car></Trp_16_car><Trp_16_plane></Trp_16_plane><Trp_17>Heavy-duty vehicle (diesel)</Trp_17><Trp_17_fr>Y</Trp_17_fr><Trp_17_ps></Trp_17_ps><Trp_17_fr_fl>2</Trp_17_fr_fl><Trp_17_ps_fl></Trp_17_ps_fl><Trp_17_psi></Trp_17_psi><Trp_17_psi_fl></Trp_17_psi_fl><Trp_17_psp></Trp_17_psp><Trp_17_psp_fl></Trp_17_psp_fl><Trp_17_car></Trp_17_car><Trp_17_plane></Trp_17_plane><Trp_18>Heavy-duty vehicle (electricity)</Trp_18><Trp_18_fr>Y</Trp_18_fr><Trp_18_ps></Trp_18_ps><Trp_18_fr_fl>4</Trp_18_fr_fl><Trp_18_ps_fl></Trp_18_ps_fl><Trp_18_psi></Trp_18_psi><Trp_18_psi_fl></Trp_18_psi_fl><Trp_18_psp></Trp_18_psp><Trp_18_psp_fl></Trp_18_psp_fl><Trp_18_car></Trp_18_car><Trp_18_plane></Trp_18_plane><Trp_19>Heavy-duty vehicle (biofuel)</Trp_19><Trp_19_fr>Y</Trp_19_fr><Trp_19_ps></Trp_19_ps><Trp_19_fr_fl>5</Trp_19_fr_fl><Trp_19_ps_fl></Trp_19_ps_fl><Trp_19_psi></Trp_19_psi><Trp_19_psi_fl></Trp_19_psi_fl><Trp_19_psp></Trp_19_psp><Trp_19_psp_fl></Trp_19_psp_fl><Trp_19_car></Trp_19_car><Trp_19_plane></Trp_19_plane><Trp_20>Heavy-duty vehicle (hydrogen)</Trp_20><Trp_20_fr>Y</Trp_20_fr><Trp_20_ps></Trp_20_ps><Trp_20_fr_fl>6</Trp_20_fr_fl><Trp_20_ps_fl></Trp_20_ps_fl><Trp_20_psi></Trp_20_psi><Trp_20_psi_fl></Trp_20_psi_fl><Trp_20_psp></Trp_20_psp><Trp_20_psp_fl></Trp_20_psp_fl><Trp_20_car></Trp_20_car><Trp_20_plane></Trp_20_plane><Trp_21>Rail (diesel)</Trp_21><Trp_21_fr>Y</Trp_21_fr><Trp_21_ps></Trp_21_ps><Trp_21_fr_fl>2</Trp_21_fr_fl><Trp_21_ps_fl></Trp_21_ps_fl><Trp_21_psi>Y</Trp_21_psi><Trp_21_psi_fl>2</Trp_21_psi_fl><Trp_21_psp></Trp_21_psp><Trp_21_psp_fl></Trp_21_psp_fl><Trp_21_car></Trp_21_car><Trp_21_plane></Trp_21_plane><Trp_22>Rail (electricity)</Trp_22><Trp_22_fr>Y</Trp_22_fr><Trp_22_ps></Trp_22_ps><Trp_22_fr_fl>4</Trp_22_fr_fl><Trp_22_ps_fl></Trp_22_ps_fl><Trp_22_psi>Y</Trp_22_psi><Trp_22_psi_fl>4</Trp_22_psi_fl><Trp_22_psp></Trp_22_psp><Trp_22_psp_fl></Trp_22_psp_fl><Trp_22_car></Trp_22_car><Trp_22_plane></Trp_22_plane><Trp_23>Inland waterway (diesel)</Trp_23><Trp_23_fr>Y</Trp_23_fr><Trp_23_ps></Trp_23_ps><Trp_23_fr_fl>2</Trp_23_fr_fl><Trp_23_ps_fl></Trp_23_ps_fl><Trp_23_psi>Y</Trp_23_psi><Trp_23_psi_fl>2</Trp_23_psi_fl><Trp_23_psp></Trp_23_psp><Trp_23_psp_fl></Trp_23_psp_fl><Trp_23_car></Trp_23_car><Trp_23_plane></Trp_23_plane><Trp_24>Inland waterway (electricity)</Trp_24><Trp_24_fr>Y</Trp_24_fr><Trp_24_ps></Trp_24_ps><Trp_24_fr_fl>4</Trp_24_fr_fl><Trp_24_ps_fl></Trp_24_ps_fl><Trp_24_psi>Y</Trp_24_psi><Trp_24_psi_fl>4</Trp_24_psi_fl><Trp_24_psp></Trp_24_psp><Trp_24_psp_fl></Trp_24_psp_fl><Trp_24_car></Trp_24_car><Trp_24_plane></Trp_24_plane><Trp_25>Domestic maritime (diesel)</Trp_25><Trp_25_fr>Y</Trp_25_fr><Trp_25_ps></Trp_25_ps><Trp_25_fr_fl>2</Trp_25_fr_fl><Trp_25_ps_fl></Trp_25_ps_fl><Trp_25_psi>Y</Trp_25_psi><Trp_25_psi_fl>2</Trp_25_psi_fl><Trp_25_psp></Trp_25_psp><Trp_25_psp_fl></Trp_25_psp_fl><Trp_25_car></Trp_25_car><Trp_25_plane></Trp_25_plane><Trp_26>Domestic maritime (fuel oil)</Trp_26><Trp_26_fr>Y</Trp_26_fr><Trp_26_ps></Trp_26_ps><Trp_26_fr_fl>7</Trp_26_fr_fl><Trp_26_ps_fl></Trp_26_ps_fl><Trp_26_psi>Y</Trp_26_psi><Trp_26_psi_fl>7</Trp_26_psi_fl><Trp_26_psp></Trp_26_psp><Trp_26_psp_fl></Trp_26_psp_fl><Trp_26_car></Trp_26_car><Trp_26_plane></Trp_26_plane><Trp_27>Domestic maritime (hydrogen)</Trp_27><Trp_27_fr>Y</Trp_27_fr><Trp_27_ps></Trp_27_ps><Trp_27_fr_fl>6</Trp_27_fr_fl><Trp_27_ps_fl></Trp_27_ps_fl><Trp_27_psi>Y</Trp_27_psi><Trp_27_psi_fl>6</Trp_27_psi_fl><Trp_27_psp></Trp_27_psp><Trp_27_psp_fl></Trp_27_psp_fl><Trp_27_car></Trp_27_car><Trp_27_plane></Trp_27_plane><Trp_28>Domestic maritime (ammonia)</Trp_28><Trp_28_fr>Y</Trp_28_fr><Trp_28_ps></Trp_28_ps><Trp_28_fr_fl>8</Trp_28_fr_fl><Trp_28_ps_fl></Trp_28_ps_fl><Trp_28_psi>Y</Trp_28_psi><Trp_28_psi_fl>8</Trp_28_psi_fl><Trp_28_psp></Trp_28_psp><Trp_28_psp_fl></Trp_28_psp_fl><Trp_28_car></Trp_28_car><Trp_28_plane></Trp_28_plane><Trp_29>International maritime (diesel)</Trp_29><Trp_29_fr>Y</Trp_29_fr><Trp_29_ps></Trp_29_ps><Trp_29_fr_fl>2</Trp_29_fr_fl><Trp_29_ps_fl></Trp_29_ps_fl><Trp_29_psi>Y</Trp_29_psi><Trp_29_psi_fl>2</Trp_29_psi_fl><Trp_29_psp></Trp_29_psp><Trp_29_psp_fl></Trp_29_psp_fl><Trp_29_car></Trp_29_car><Trp_29_plane></Trp_29_plane><Trp_30>International maritime (fuel oil)</Trp_30><Trp_30_fr>Y</Trp_30_fr><Trp_30_ps></Trp_30_ps><Trp_30_fr_fl>7</Trp_30_fr_fl><Trp_30_ps_fl></Trp_30_ps_fl><Trp_30_psi>Y</Trp_30_psi><Trp_30_psi_fl>7</Trp_30_psi_fl><Trp_30_psp></Trp_30_psp><Trp_30_psp_fl></Trp_30_psp_fl><Trp_30_car></Trp_30_car><Trp_30_plane></Trp_30_plane><Trp_31>International maritime (hydrogen)</Trp_31><Trp_31_fr>Y</Trp_31_fr><Trp_31_ps></Trp_31_ps><Trp_31_fr_fl>6</Trp_31_fr_fl><Trp_31_ps_fl></Trp_31_ps_fl><Trp_31_psi>Y</Trp_31_psi><Trp_31_psi_fl>6</Trp_31_psi_fl><Trp_31_psp></Trp_31_psp><Trp_31_psp_fl></Trp_31_psp_fl><Trp_31_car></Trp_31_car><Trp_31_plane></Trp_31_plane><Trp_32>International maritime (ammonia)</Trp_32><Trp_32_fr>Y</Trp_32_fr><Trp_32_ps></Trp_32_ps><Trp_32_fr_fl>8</Trp_32_fr_fl><Trp_32_ps_fl></Trp_32_ps_fl><Trp_32_psi>Y</Trp_32_psi><Trp_32_psi_fl>8</Trp_32_psi_fl><Trp_32_psp></Trp_32_psp><Trp_32_psp_fl></Trp_32_psp_fl><Trp_32_car></Trp_32_car><Trp_32_plane></Trp_32_plane><Trp_33>Domestic air (jet fuel)</Trp_33><Trp_33_fr>Y</Trp_33_fr><Trp_33_ps></Trp_33_ps><Trp_33_fr_fl>9</Trp_33_fr_fl><Trp_33_ps_fl></Trp_33_ps_fl><Trp_33_psi>Y</Trp_33_psi><Trp_33_psi_fl>9</Trp_33_psi_fl><Trp_33_psp></Trp_33_psp><Trp_33_psp_fl></Trp_33_psp_fl><Trp_33_car></Trp_33_car><Trp_33_plane>Y</Trp_33_plane><Trp_34>Domestic air (biofuel)</Trp_34><Trp_34_fr>Y</Trp_34_fr><Trp_34_ps></Trp_34_ps><Trp_34_fr_fl>5</Trp_34_fr_fl><Trp_34_ps_fl></Trp_34_ps_fl><Trp_34_psi>Y</Trp_34_psi><Trp_34_psi_fl>5</Trp_34_psi_fl><Trp_34_psp></Trp_34_psp><Trp_34_psp_fl></Trp_34_psp_fl><Trp_34_car></Trp_34_car><Trp_34_plane>Y</Trp_34_plane><Trp_35>International air (jet fuel)</Trp_35><Trp_35_fr>Y</Trp_35_fr><Trp_35_ps></Trp_35_ps><Trp_35_fr_fl>9</Trp_35_fr_fl><Trp_35_ps_fl></Trp_35_ps_fl><Trp_35_psi>Y</Trp_35_psi><Trp_35_psi_fl>9</Trp_35_psi_fl><Trp_35_psp></Trp_35_psp><Trp_35_psp_fl></Trp_35_psp_fl><Trp_35_car></Trp_35_car><Trp_35_plane>Y</Trp_35_plane><Trp_36>International air (biofuel)</Trp_36><Trp_36_fr>Y</Trp_36_fr><Trp_36_ps></Trp_36_ps><Trp_36_fr_fl>5</Trp_36_fr_fl><Trp_36_ps_fl></Trp_36_ps_fl><Trp_36_psi>Y</Trp_36_psi><Trp_36_psi_fl>5</Trp_36_psi_fl><Trp_36_psp></Trp_36_psp><Trp_36_psp_fl></Trp_36_psp_fl><Trp_36_car></Trp_36_car><Trp_36_plane>Y</Trp_36_plane><SID>Trp</SID></row></data></sectors_data>
