<?xml version="1.0" encoding="utf-8"?>
<row><id>1</id><studyName>VNM_TRA_NZ3S</studyName><Year>2015,2016,2017,2018,2019,2020,2021,2022,2023,2024,2025,2026,2027,2028,2029,2030,2031,2032,2033,2034,2035,2036,2037,2038,2039,2040,2041,2042,2043,2044,2045,2046,2047,2048,2049,2050</Year><populationunit>Million</populationunit><Gdpunit>Billion</Gdpunit><Currency>US$</Currency><energyunit>PJ</energyunit><punit>Million</punit><funit>Million</funit><Unit>Million</Unit><Desc>Vietnam transport demand modelling with an NZ3S scenario, with the observed trend population and observed trend GDP</Desc></row>
