<?xml version="1.0"?>
<fueltypes>
  <fueltype>
    <id>1</id>
    <value>Petrol</value>
    <ftype>MF</ftype>
  </fueltype>
  <fueltype>
    <id>2</id>
    <value>Diesel</value>
    <ftype>MF</ftype>
  </fueltype>
  <fueltype>
    <id>3</id>
    <value>CNG</value>
    <ftype>MF</ftype>
  </fueltype>
  <fueltype>
    <id>4</id>
    <value>Electricity</value>
    <ftype>EL</ftype>
  </fueltype>
  <fueltype>
    <id>5</id>
    <value>Biofuel</value>
    <ftype>MF</ftype>
  </fueltype>
  <fueltype>
    <id>6</id>
    <value>Hydrogen</value>
    <ftype>MF</ftype>
  </fueltype>
  <fueltype>
    <id>7</id>
    <value>Fuel oil</value>
    <ftype>MF</ftype>
  </fueltype>
  <fueltype>
    <id>8</id>
    <value>Ammonia</value>
    <ftype>MF</ftype>
  </fueltype>
  <fueltype>
    <id>9</id>
    <value>Jet fuel</value>
    <ftype>MF</ftype>
  </fueltype>
</fueltypes>
