<?xml version="1.0" encoding="utf-8"?>
<enduse_data><meta><autoIncrement>58</autoIncrement></meta><data><row><id>58</id><AP_Agr_1>Y</AP_Agr_1><TU_Agr_1>Y</TU_Agr_1><MP_Agr_1>Y</MP_Agr_1><AP_Cst_1>Y</AP_Cst_1><TU_Cst_1>Y</TU_Cst_1><MP_Cst_1>Y</MP_Cst_1><AP_Min_1>Y</AP_Min_1><TU_Min_1>Y</TU_Min_1><MP_Min_1>Y</MP_Min_1><AP_Man_1>Y</AP_Man_1><TU_Man_1>Y</TU_Man_1><FDH_Man_1>Y</FDH_Man_1><SG_Man_1>Y</SG_Man_1><SWH_Man_1>Y</SWH_Man_1><MP_Man_1>Y</MP_Man_1><AP_Ser_1>Y</AP_Ser_1><AC_Ser_1>Y</AC_Ser_1><SH_Ser_1>Y</SH_Ser_1><TU_Ser_1>Y</TU_Ser_1><MP_Ser_1>Y</MP_Ser_1><AP_Hou_1>Y</AP_Hou_1><AC_Hou_1>Y</AC_Hou_1><CO_Hou_1>Y</CO_Hou_1><SH_Hou_1>Y</SH_Hou_1><WH_Hou_1>Y</WH_Hou_1><AP_Hou_2>Y</AP_Hou_2><AC_Hou_2>Y</AC_Hou_2><CO_Hou_2>Y</CO_Hou_2><SH_Hou_2>Y</SH_Hou_2><WH_Hou_2>Y</WH_Hou_2><SID>1</SID></row></data></enduse_data>
